Алма-Ата;7
Караганда;7
Актюбинск;7
Семея;7
Кызылорд;7
Рудного;7
Абай;7
Акколь;7
Аксай;7
Аксу;7
Актобе;7
Алга;7
Алматы;7
Арал;7
Аркалык;7
Арыс;7
Атбасар;7
Аягоз;7
Байконур;7
Балхаш;7
Булаево;7
Державинск;7
Ерейментау;7
Есик;7
Есиль;7
Жанатас;7
Жаркент;7
Жезказган;7
Жем;7
Жетысай;7
Житикара;7
Зайсан;7
Зыряновск;7
Казалинск;7
Кандыагаш;7
Капшагай;7
Караганды;7
Каражал;7
Каратау;7
Каркаралинск;7
Каскелен;7
Кентау;7
Кулсары;7
Курчатов;7
Кызылорда;7
Ленгер;7
Лисаковск;7
Макинск;7
Мамлютка;7
Приозёрск;7
Риддер;7
Рудный;7
Сарань;7
Сарканд;7
Сарыагаш;7
Сатпаев;7
Семей;7
Сергеевка;7
Серебрянск;7
Степногорск;7
Степняк;7
Тайынша;7
Талгар;7
Текели;7
Темир;7
Учарал;7
Уштобе;7
Форт-Шевченко;7
Хромтау;7
Шалкар;7
Шар;7
Шардара;7
Шахтинск;7
Шемонаиха;7
Шу;7
Щучинск;7
Эмба;7
