Могилёв;6
Новополоцк;6
Березино;6
Вилейка;6
Воложин;6
Дзержинск;6
Клецк;6
Копыль;6
Крупки;6
Логойск;6
Любань;6
Молодечно;6
Мядель;6
Несвиж;6
Марьина Горка;6
Слуцк;6
Смолевичи;6
Старые Дороги;6
Столбцы;6
Узда;6
Червень;6
Жодино;6
Береза;6
Ганцевичи;6
Дрогичин;6
Жабинка;6
Иваново;6
Ивацевичи;6
Каменец;6
Кобрин;6
Лунинец;6
Ляховичы;6
Малорита;6
Пружаны;6
Столин;6
Браслав;6
Бешенковичи;6
Верхнедвинск;6
Глубокое;6
Городок;6
Докшицы;6
Дубровно;6
Лепель;6
Лиозно;6
Миоры;6
Полоцк;6
Поставы;6
Россоны;6
Сенно;6
Толочин;6
Ушачи;6
Чашники;6
Шарковщина;6
Шумилино;6
Брагин;6
Буда-Кошелево;6
Ветка;6
Добруш;6
Ельск;6
Житковичи;6
Жлобин;6
Калинковичи;6
Корма;6
Лельчицы;6
Лоев;6
Наровля;6
Октябрьский;6
Петриков;6
Речица;6
Рогачев;6
Светлогорск;6
Чечерск;6
Хойники;6
Бол.Берестовица;6
Волковыск;6
Вороново;6
Дятлово;6
Зельва;6
Ивье;6
Кореличи;6
Лида;6
Мосты;6
Новогрудок;6
Ошмяны;6
Островец;6
Свислочь;6
Слоним;6
Сморгонь;6
Щучин;6
Могилев;6
Белыничи;6
Быхов;6
Горки;6
Глуск;6
Дрибин;6
Кировск;6
Климовичи;6
Кличев;6
Костюковичи;6
Краснополье;6
Кричев;6
Круглое;6
Мстиславль;6
Осиповичи;6
Славгород;6
Хотимск;6
Чаусы;6
Чериков;6
Шклов;6
Минск;6
