Абаза;9
Абакан;9
Абдулино;9
﻿Абинск;9
Агидель;9
Агрыз;9
Адыгейск;9
Азнакаево;9
Азов;9
Ак-Довурак;9
Алагир;9
Алапаевск;9
Алатырь;9
Алдан;9
Алейск;9
Александров;9
Александровск;9
Александровск-Сахалинский;9
Алексеевка;9
Алексин;9
Алзамай;9
Алушта;9
Альметьевск;9
Амурск;9
Анадырь;9
Анапа;9
Ангарск;9
Андреаполь;9
Анжеро-Судженск;9
Анива;9
Апатиты;9
Апрелевка;9
Апшеронск;9
Арамиль;9
Аргун;9
Ардатов;9
Ардон;9
Арзамас;9
Аркадак;9
Армавир;9
Армянск;9
Арсеньев;9
Арск;9
Артем;9
Артемовск;9
Артемовский;9
Архангельск;9
Асбест;9
Асино;9
Астрахань;9
Аткарск;9
Ахтубинск;9
Ачинск;9
Аша;9
Бабаево;9
Бабушкин;9
Бавлы;9
Багратионовск;9
Байкальск;9
Баймак;9
Бакал;9
Баксан;9
Балабаново;9
Балаково;9
Балахна;9
Балашиха;9
Балашов;9
Балей;9
Балтийск;9
Барабинск;9
Барнаул;9
Барыш;9
Батайск;9
Бахчисарай;9
Бежецк;9
Белая Калитва;9
Белая Холуница;9
Белгород;9
Белебей;9
Белев;9
Белинский;9
Белово;9
Белозерск;9
Белокуриха;9
Беломорск;9
Белорецк;9
Белореченск;9
Белоусово;9
Белоярский;9
Белый;9
Бердск;9
Березники;9
Беслан;9
Бийск;9
Бикин;9
Билибино;9
Биробиджан;9
Бирск;9
Бирюсинск;9
Бирюч;9
Благовещенск;9
Благодарный;9
Бобров;9
Богданович;9
Богородицк;9
Богородск;9
Боготол;9
Богучар;9
Бодайбо;9
Бокситогорск;9
Болгар;9
Бологое;9
Болотное;9
Болохово;9
Болхов;9
Большой Камень;9
Бор;9
Борзя;9
Борисоглебск;9
Боровичи;9
Боровск;9
Бородино;9
Братск;9
Бронницы;9
Брянск;9
Бугульма;9
Бугуруслан;9
Буденновск;9
Бузулук;9
Буинск;9
Буй;9
Буйнакск;9
Бутурлиновка;9
Валдай;9
Валуйки;9
Велиж;9
Великие Луки;9
Великий Новгород;9
Великий Устюг;9
Вельск;9
Венев;9
Верещагино;9
Верея;9
Верхнеуральск;9
Верхний Тагил;9
Верхний Уфалей;9
Верхняя Пышма;9
Верхняя Салда;9
Верхняя Тура;9
Верхотурье;9
Верхоянск;9
Весьегонск;9
Ветлуга;9
Видное;9
Вилюйск;9
Вилючинск;9
Вихоревка;9
Вичуга;9
Владивосток;9
Владикавказ;9
Владимир;9
Волгоград;9
Волгодонск;9
Волгореченск;9
Волжск;9
Волжский;9
Вологда;9
Володарск;9
Волоколамск;9
Волосово;9
Волхов;9
Волчанск;9
Вольск;9
Воркута;9
Воронеж;9
Ворсма;9
Воскресенск;9
Воткинск;9
Всеволожск;9
Вуктыл;9
Выборг;9
Выкса;9
Высоковск;9
Высоцк;9
Вытегра;9
Вышний Волочек;9
Вяземский;9
Вязники;9
Вязьма;9
Вятские Поляны;9
Гаврилов Посад;9
Гаврилов-Ям;9
Гагарин;9
Гаджиево;9
Гай;9
Галич;9
Гатчина;9
Гвардейск;9
Гдов;9
Геленджик;9
Георгиевск;9
Глазов;9
Голицыно;9
Горбатов;9
Горно-Алтайск;9
Горнозаводск;9
Горняк;9
Городец;9
Городище;9
Городовиковск;9
Гороховец;9
Горячий Ключ;9
Грайворон;9
Гремячинск;9
Грозный;9
Грязи;9
Грязовец;9
Губаха;9
Губкин;9
Губкинский;9
Гудермес;9
Гуково;9
Гулькевичи;9
Гусев;9
Гусиноозерск;9
Гусь-Хрустальный;9
Давлеканово;9
Дагестанские Огни;9
Далматово;9
Дальнегорск;9
Дальнереченск;9
Данилов;9
Данков;9
Дегтярск;9
Дедовск;9
Демидов;9
Дербент;9
Десногорск;9
Джанкой;9
Дзержинск;9
Дзержинский;9
Дивногорск;9
Дигора;9
Димитровград;9
Дмитриев;9
Дмитров;9
Дмитровск;9
Дно;9
Добрянка;9
Долгопрудный;9
Долинск;9
Домодедово;9
Донецк;9
Донской;9
Дорогобуж;9
Дрезна;9
Дубна;9
Дубовка;9
Дудинка;9
Духовщина;9
Дюртюли;9
Дятьково;9
Евпатория;9
Егорьевск;9
Ейск;9
Екатеринбург;9
Елабуга;9
Елец;9
Елизово;9
Ельня;9
Еманжелинск;9
Емва;9
Енисейск;9
Ермолино;9
Ершов;9
Ессентуки;9
Ефремов;9
Железноводск;9
Железногорск-Илимский;9
Жердевка;9
Жигулевск;9
Жиздра;9
Жирновск;9
Жуков;9
Жуковка;9
Жуковский;9
Завитинск;9
Заводоуковск;9
Заволжск;9
Заволжье;9
Задонск;9
Заинск;9
Закаменск;9
Заозерный;9
Заозерск;9
Западная Двина;9
Заполярный;9
Зарайск;9
Заринск;9
Звенигово;9
Звенигород;9
Зверево;9
Зеленогорск;9
Зеленоградск;9
Зеленодольск;9
Зеленокумск;9
Зерноград;9
Зея;9
Зима;9
Златоуст;9
Злынка;9
Змеиногорск;9
Знаменск;9
Зубцов;9
Зуевка;9
Ивангород;9
Иваново;9
Ивантеевка;9
Ивдель;9
Игарка;9
Ижевск;9
Избербаш;9
Изобильный;9
Иланский;9
Инза;9
Инкерман;9
Иннополис;9
Инсар;9
Инта;9
Ипатово;9
Ирбит;9
Иркутск;9
Исилькуль;9
Искитим;9
Истра;9
Ишим;9
Ишимбай;9
Йошкар-Ола;9
Кадников;9
Казань;9
Калач;9
Калачинск;9
Калач-на-Дону;9
Калининград;9
Калининск;9
Калтан;9
Калуга;9
Калязин;9
Камбарка;9
Каменка;9
Каменногорск;9
Каменск-Уральский;9
Каменск-Шахтинский;9
Камень-на-Оби;9
Камешково;9
Камызяк;9
Камышин;9
Камышлов;9
Канаш;9
Кандалакша;9
Канск;9
Карабаново;9
Карабаш;9
Карабулак;9
Карасук;9
Карачаевск;9
Карачев;9
Каргат;9
Каргополь;9
Карпинск;9
Карталы;9
Касимов;9
Касли;9
Каспийск;9
Катав-Ивановск;9
Катайск;9
Качканар;9
Кашин;9
Кашира;9
Кедровый;9
Кемерово;9
Кемь;9
Керчь;9
Кизел;9
Кизилюрт;9
Кизляр;9
Кимовск;9
Кимры;9
Кингисепп;9
Кинель;9
Кинешма;9
Киреевск;9
Киренск;9
Киржач;9
Кириллов;9
Кириши;9
Киров;9
Кировград;9
Кирово-Чепецк;9
Кирс;9
Кирсанов;9
Киселевск;9
Кисловодск;9
Клин;9
Клинцы;9
Княгинино;9
Ковдор;9
Ковров;9
Ковылкино;9
Когалым;9
Кодинск;9
Козельск;9
Козловка;9
Козьмодемьянск;9
Кола;9
Кологрив;9
Коломна;9
Колпашево;9
Кольчугино;9
Коммунар;9
Комсомольск;9
Комсомольск-на-Амуре;9
Конаково;9
Кондопога;9
Кондрово;9
Константиновск;9
Копейск;9
Кораблино;9
Кореновск;9
Коркино;9
Королев;9
Короча;9
Корсаков;9
Коряжма;9
Костерево;9
Костомукша;9
Кострома;9
Котельники;9
Котельниково;9
Котельнич;9
Котлас;9
Котово;9
Котовск;9
Кохма;9
Красавино;9
Красновишерск;9
Красногорск;9
Краснодар;9
Краснозаводск;9
Краснокаменск;9
Краснокамск;9
Красноперекопск;9
Краснотурьинск;9
Красноуральск;9
Красноуфимск;9
Красноярск;9
Красный Кут;9
Красный Сулин;9
Красный Холм;9
Кременки;9
Кропоткин;9
Крымск;9
Кстово;9
Кубинка;9
Кувандык;9
Кувшиново;9
Кудымкар;9
Кузнецк;9
Куйбышев;9
Кулебаки;9
Кумертау;9
Кунгур;9
Купино;9
Курган;9
Курганинск;9
Курильск;9
Курлово;9
Куровское;9
Курск;9
Куртамыш;9
Куса;9
Кушва;9
Кызыл;9
Кыштым;9
Кяхта;9
Лабинск;9
Лабытнанги;9
Лагань;9
Ладушкин;9
Лаишево;9
Лакинск;9
Лангепас;9
Лахденпохья;9
Лебедянь;9
Лениногорск;9
Ленинск;9
Ленинск-Кузнецкий;9
Ленск;9
Лермонтов;9
Лесной;9
Лесозаводск;9
Лесосибирск;9
Ливны;9
Ликино-Дулево;9
Липецк;9
Липки;9
Лиски;9
Лихославль;9
Лобня;9
Лодейное Поле;9
Лосино-Петровский;9
Луга;9
Луза;9
Лукоянов;9
Луховицы;9
Лысково;9
Лысьва;9
Лыткарино;9
Льгов;9
Любань;9
Люберцы;9
Любим;9
Людиново;9
Лянтор;9
Магадан;9
Магас;9
Магнитогорск;9
Майкоп;9
Майский;9
Макаров;9
Макарьев;9
Макушино;9
Малая Вишера;9
Малгобек;9
Малмыж;9
Малоархангельск;9
Малоярославец;9
Мамадыш;9
Мамоново;9
Мантурово;9
Мариинск;9
Мариинский Посад;9
Маркс;9
Махачкала;9
Мглин;9
Мегион;9
Медвежьегорск;9
Медногорск;9
Медынь;9
Межгорье;9
Междуреченск;9
Мезень;9
Меленки;9
Мелеуз;9
Менделеевск;9
Мензелинск;9
Мещовск;9
Миасс;9
Микунь;9
Миллерово;9
Минеральные Воды;9
Минусинск;9
Миньяр;9
Михайлов;9
Михайловка;9
Мичуринск;9
Могоча;9
Можайск;9
Можга;9
Моздок;9
Мончегорск;9
Морозовск;9
Моршанск;9
Мосальск;9
Москва;9
Муравленко;9
Мураши;9
Мурманск;9
Муром;9
Мценск;9
Мыски;9
Мытищи;9
Мышкин;9
Набережные Челны;9
Навашино;9
Наволоки;9
Надым;9
Назарово;9
Назрань;9
Называевск;9
Нальчик;9
Нариманов;9
Наро-Фоминск;9
Нарткала;9
Нарьян-Мар;9
Находка;9
Невель;9
Невельск;9
Невинномысск;9
Невьянск;9
Нелидово;9
Неман;9
Нерехта;9
Нерчинск;9
Нерюнгри;9
Нестеров;9
Нефтегорск;9
Нефтекамск;9
Нефтекумск;9
Нефтеюганск;9
Нея;9
Нижневартовск;9
Нижнекамск;9
Нижнеудинск;9
Нижние Серги;9
Нижний Ломов;9
Нижний Новгород;9
Нижний Тагил;9
Нижняя Салда;9
Нижняя Тура;9
Николаевск;9
Николаевск-на-Амуре;9
Никольское;9
Новая Ладога;9
Новая Ляля;9
Новоалександровск;9
Новоалтайск;9
Новоаннинский;9
Нововоронеж;9
Новодвинск;9
Новозыбков;9
Новокубанск;9
Новокузнецк;9
Новокуйбышевск;9
Новомичуринск;9
Новомосковск;9
Новопавловск;9
Новоржев;9
Новороссийск;9
Новосибирск;9
Новосиль;9
Новосокольники;9
Новотроицк;9
Новоузенск;9
Новоульяновск;9
Новоуральск;9
Новохоперск;9
Новочебоксарск;9
Новочеркасск;9
Новошахтинск;9
Новый Оскол;9
Новый Уренгой;9
Ногинск;9
Нолинск;9
Норильск;9
Ноябрьск;9
Нурлат;9
Нытва;9
Нюрба;9
Нягань;9
Нязепетровск;9
Няндома;9
Облучье;9
Обнинск;9
Обоянь;9
Обь;9
Одинцово;9
Озеры;9
Октябрьск;9
Октябрьский;9
Окуловка;9
Олекминск;9
Оленегорск;9
Олонец;9
Омск;9
Омутнинск;9
Онега;9
Опочка;9
Орёл;9
Оренбург;9
Орехово-Зуево;9
Орлов;9
Орск;9
Оса;9
Осинники;9
Осташков;9
Остров;9
Островной;9
Острогожск;9
Отрадное;9
Отрадный;9
Оха;9
Оханск;9
Очер;9
Павлово;9
Павловск;9
Павловский Посад;9
Палласовка;9
Партизанск;9
Певек;9
Пенза;9
Первомайск;9
Первоуральск;9
Перевоз;9
Пересвет;9
Переславль-Залесский;9
Пермь;9
Пестово;9
Петров Вал;9
Петровск;9
Петровск-Забайкальский;9
Петрозаводск;9
Петропавловск-Камчатский;9
Петухово;9
Петушки;9
Печора;9
Печоры;9
Пикалево;9
Пионерский;9
Питкяранта;9
Плавск;9
Пласт;9
Плес;9
Поворино;9
Подольск;9
Подпорожье;9
Покачи;9
Покров;9
Покровск;9
Полевской;9
Полесск;9
Полысаево;9
Полярные Зори;9
Полярный;9
Поронайск;9
Порхов;9
Похвистнево;9
Почеп;9
Починок;9
Пошехонье;9
Правдинск;9
Приволжск;9
Приморско-Ахтарск;9
Приозерск;9
Прокопьевск;9
Пролетарск;9
Протвино;9
Прохладный;9
Псков;9
Пугачев;9
Пудож;9
Пустошка;9
Пучеж;9
Пушкино;9
Пущино;9
Пыталово;9
Пыть-Ях;9
Пятигорск;9
Райчихинск;9
Раменское;9
Рассказово;9
Ревда;9
Реж;9
Реутов;9
Ржев;9
Родники;9
Рославль;9
Россошь;9
Ростов;9
Ростов-на-Дону;9
Рошаль;9
Ртищево;9
Рубцовск;9
Рудня;9
Руза;9
Рузаевка;9
Рыбинск;9
Рыбное;9
Рыльск;9
Ряжск;9
Рязань;9
Саки;9
Салават;9
Салаир;9
Салехард;9
Сальск;9
Самара;9
Санкт-Петербург;9
Саранск;9
Сарапул;9
Саратов;9
Саров;9
Сасово;9
Сатка;9
Сафоново;9
Саяногорск;9
Саянск;9
Светлогорск;9
Светлоград;9
Светлый;9
Светогорск;9
Свирск;9
Свободный;9
Себеж;9
Северобайкальск;9
Северодвинск;9
Северо-Курильск;9
Североморск;9
Североуральск;9
Северск;9
Севск;9
Сегежа;9
Сельцо;9
Семенов;9
Семикаракорск;9
Семилуки;9
Сенгилей;9
Серафимович;9
Сергач;9
Сергиев Посад;9
Сердобск;9
Серов;9
Серпухов;9
Сертолово;9
Сибай;9
Сим;9
Симферополь;9
Сковородино;9
Скопин;9
Славгород;9
Славск;9
Славянск-на-Кубани;9
Сланцы;9
Слободской;9
Слюдянка;9
Смоленск;9
Снежинск;9
Снежногорск;9
Собинка;9
Советская Гавань;9
Советский;9
Сокол;9
Солигалич;9
Соликамск;9
Солнечногорск;9
Сольвычегодск;9
Соль-Илецк;9
Сольцы;9
Сорочинск;9
Сорск;9
Сортавала;9
Сосенский;9
Сосновка;9
Сосновоборск;9
Сосновый Бор;9
Сосногорск;9
Сочи;9
Спас-Деменск;9
Спас-Клепики;9
Спасск;9
Спасск-Дальний;9
Спасск-Рязанский;9
Среднеколымск;9
Среднеуральск;9
Сретенск;9
Ставрополь;9
Старая Купавна;9
Старая Русса;9
Старица;9
Стародуб;9
Старый Крым;9
Старый Оскол;9
Стерлитамак;9
Стрежевой;9
Строитель;9
Струнино;9
Ступино;9
Суворов;9
Судак;9
Суджа;9
Судогда;9
Суздаль;9
Суоярви;9
Сураж;9
Сургут;9
Суровикино;9
Сурск;9
Сусуман;9
Сухиничи;9
Сухой Лог;9
Сызрань;9
Сыктывкар;9
Сысерть;9
Сычевка;9
Сясьстрой;9
Тавда;9
Таганрог;9
Тайга;9
Тайшет;9
Талдом;9
Талица;9
Тамбов;9
Тара;9
Тарко-Сале;9
Таруса;9
Татарск;9
Таштагол;9
Тверь;9
Теберда;9
Тейково;9
Темников;9
Темрюк;9
Терек;9
Тетюши;9
Тимашевск;9
Тихвин;9
Тихорецк;9
Тобольск;9
Тогучин;9
Тольятти;9
Томари;9
Томмот;9
Томск;9
Топки;9
Торжок;9
Торопец;9
Тосно;9
Тотьма;9
Трехгорный;9
Троицк;9
Трубчевск;9
Туапсе;9
Туймазы;9
Тула;9
Тулун;9
Туран;9
Туринск;9
Тутаев;9
Тында;9
Тырныауз;9
Тюкалинск;9
Тюмень;9
Уварово;9
Углегорск;9
Углич;9
Удачный;9
Удомля;9
Ужур;9
Узловая;9
Улан-Удэ;9
Ульяновск;9
Унеча;9
Урай;9
Урень;9
Уржум;9
Урюпинск;9
Усинск;9
Усмань;9
Усолье;9
Усолье-Сибирское;9
Уссурийск;9
Усть-Джегута;9
Усть-Илимск;9
Усть-Катав;9
Усть-Кут;9
Усть-Лабинск;9
Устюжна;9
Уфа;9
Ухта;9
Учалы;9
Уяр;9
Фатеж;9
Феодосия;9
Фролово;9
Фрязино;9
Фурманов;9
Хабаровск;9
Хадыженск;9
Ханты-Мансийск;9
Харабали;9
Харовск;9
Хасавюрт;9
Хвалынск;9
Хилок;9
Химки;9
Холм;9
Холмск;9
Хотьково;9
Цивильск;9
Цимлянск;9
Циолковский;9
Чадан;9
Чайковский;9
Чапаевск;9
Чаплыгин;9
Чебаркуль;9
Чебоксары;9
Чегем;9
Чекалин;9
Челябинск;9
Чердынь;9
Черемхово;9
Черепаново;9
Череповец;9
Черкесск;9
Чермоз;9
Черноголовка;9
Черногорск;9
Чернушка;9
Черняховск;9
Чехов;9
Чистополь;9
Чита;9
Чкаловск;9
Чудово;9
Чулым;9
Чусовой;9
Чухлома;9
Шагонар;9
Шадринск;9
Шали;9
Шарыпово;9
Шарья;9
Шатура;9
Шахты;9
Шахунья;9
Шацк;9
Шебекино;9
Шелехов;9
Шенкурск;9
Шилка;9
Шимановск;9
Шиханы;9
Шлиссельбург;9
Шумерля;9
Шумиха;9
Шуя;9
Щекино;9
Щелкино;9
Щелково;9
Щигры;9
Щучье;9
Электрогорск;9
Электросталь;9
Электроугли;9
Элиста;9
Энгельс;9
Эртиль;9
Югорск;9
Южа;9
Южно-Сахалинск;9
Южно-Сухокумск;9
Южноуральск;9
Юрга;9
Юрьевец;9
Юрьев-Польский;9
Юрюзань;9
Юхнов;9
Ядрин;9
Якутск;9
Ялуторовск;9
Янаул;9
Яранск;9
Яровое;9
Ярославль;9
Ярцево;9
Ясногорск;9
Ясный;9
Яхрома;9
